{"cameraMode":{"drawMode":0,"name":"Shaded","section":"Shading Mode"},"sceneLighting":true,"audioPlay":false,"sceneViewState":{"showFog":true,"showMaterialUpdate":false,"showSkybox":true,"showFlares":true,"showImageEffects":true,"showParticleSystems":true},"in2DMode":false,"pivot":{"x":521.4189453125,"y":56.162837982177737,"z":-49.20102310180664},"rotation":{"x":0.7005377411842346,"y":0.016051141545176507,"z":-0.015764717012643815,"w":0.7132617831230164},"size":768.17138671875,"orthographic":true}