{"cameraMode":{"drawMode":0,"name":"Shaded","section":"Shading Mode"},"sceneLighting":false,"audioPlay":false,"sceneViewState":{"showFog":true,"showMaterialUpdate":false,"showSkybox":true,"showFlares":true,"showImageEffects":true,"showParticleSystems":true},"in2DMode":false,"pivot":{"x":0.0,"y":-0.15854918956756593,"z":-0.018582254648208619},"rotation":{"x":0.0026538860984146597,"y":0.9790986776351929,"z":-0.01262228935956955,"w":0.20317742228507996},"size":17.309415817260743,"orthographic":true}