{"cameraMode":{"drawMode":0,"name":"Shaded","section":"Shading Mode"},"sceneLighting":true,"audioPlay":false,"sceneViewState":{"showFog":true,"showMaterialUpdate":false,"showSkybox":true,"showFlares":true,"showImageEffects":true,"showParticleSystems":true},"in2DMode":false,"pivot":{"x":178.95901489257813,"y":16.304288864135743,"z":36.47422409057617},"rotation":{"x":-0.003230987349525094,"y":-0.995023250579834,"z":0.03287845849990845,"w":-0.09454038739204407},"size":487.4400329589844,"orthographic":true}